[
    {"nombre": "Naruto Uzumaki", "pelo": "rubio", "aldea": "konoha", "clan": "ninguno", "lider": true, "mascara": false, "sharingan": false, "byakugan": false, "sannin": false, "inteligente": false, "akatsuki": false, "pregunta_clave": "¿Es el protagonista rubio?", "pregunta_clave_regex": "\\b(?:protagonista|rubio)\\b"},
    {"nombre": "Sasuke Uchiha", "pelo": "negro", "aldea": "konoha", "clan": "uchiha", "lider": false, "mascara": false, "sharingan": true, "byakugan": false, "sannin": false, "inteligente": true, "akatsuki": false, "pregunta_clave": "¿Tiene Sharingan y es del clan Uchiha?", "pregunta_clave_regex": "\\b(?:sharingan|uchiha)\\b"},
    {"nombre": "Sakura Haruno", "pelo": "rosa", "aldea": "konoha", "clan": "ninguno", "lider": false, "mascara": false, "sharingan": false, "byakugan": false, "sannin": false, "inteligente": true, "akatsuki": false, "pregunta_clave": "¿Tiene cabello rosa y es muy inteligente?", "pregunta_clave_regex": "\\b(?:rosa|inteligente)\\b"},
    {"nombre": "Kakashi Hatake", "pelo": "blanco", "aldea": "konoha", "clan": "ninguno", "lider": false, "mascara": true, "sharingan": true, "byakugan": false, "sannin": false, "inteligente": true, "akatsuki": false, "pregunta_clave": "¿Usa una máscara cubriendo su rostro?", "pregunta_clave_regex": "\\b(?:mascara|rostro)\\b"},
    {"nombre": "Hinata Hyuga", "pelo": "negro", "aldea": "konoha", "clan": "hyuga", "lider": false, "mascara": false, "sharingan": false, "byakugan": true, "sannin": false, "inteligente": true, "akatsuki": false, "pregunta_clave": "¿Tiene Byakugan?", "pregunta_clave_regex": "\\b(?:byakugan)\\b"},
    {"nombre": "Itachi Uchiha", "pelo": "negro", "aldea": "konoha", "clan": "uchiha", "lider": false, "mascara": false, "sharingan": true, "byakugan": false, "sannin": false, "inteligente": true, "akatsuki": true, "pregunta_clave": "¿Es miembro de Akatsuki?", "pregunta_clave_regex": "\\b(?:akatsuki)\\b"},
    {"nombre": "Jiraiya", "pelo": "blanco", "aldea": "konoha", "clan": "ninguno", "lider": false, "mascara": false, "sharingan": false, "byakugan": false, "sannin": true, "inteligente": true, "akatsuki": false, "pregunta_clave": "¿Es uno de los Sannin legendarios?", "pregunta_clave_regex": "\\b(?:sannin)\\b"},
    {"nombre": "Tsunade", "pelo": "rubio", "aldea": "konoha", "clan": "ninguno", "lider": true, "mascara": false, "sharingan": false, "byakugan": false, "sannin": true, "inteligente": true, "akatsuki": false, "pregunta_clave": "¿Es mujer líder y Sannin?", "pregunta_clave_regex": "\\b(?:mujer|lider|sannin)\\b"},
    {"nombre": "Gaara", "pelo": "rojo", "aldea": "suna", "clan": "ninguno", "lider": true, "mascara": false, "sharingan": false, "byakugan": false, "sannin": false, "inteligente": true, "akatsuki": false, "pregunta_clave": "¿Es de Suna y líder?", "pregunta_clave_regex": "\\b(?:suna|lider)\\b"},
    {"nombre": "Shikamaru Nara", "pelo": "negro", "aldea": "konoha", "clan": "ninguno", "lider": false, "mascara": false, "sharingan": false, "byakugan": false, "sannin": false, "inteligente": true, "akatsuki": false, "pregunta_clave": "¿Es estratega inteligente?", "pregunta_clave_regex": "\\b(?:estratega|inteligente)\\b"},
    {"nombre": "Neji Hyuga", "pelo": "negro", "aldea": "konoha", "clan": "hyuga", "lider": false, "mascara": false, "sharingan": false, "byakugan": true, "sannin": false, "inteligente": true, "akatsuki": false, "pregunta_clave": "¿Tiene Byakugan y es miembro del clan Hyuga?", "pregunta_clave_regex": "\\b(?:byakugan|hyuga)\\b"},
    {"nombre": "Rock Lee", "pelo": "negro", "aldea": "konoha", "clan": "ninguno", "lider": false, "mascara": false, "sharingan": false, "byakugan": false, "sannin": false, "inteligente": false, "akatsuki": false, "pregunta_clave": "¿Es experto en taijutsu sin habilidades oculares?", "pregunta_clave_regex": "\\b(?:taijutsu)\\b"},
    {"nombre": "Pain", "pelo": "naranja", "aldea": "akatsuki", "clan": "ninguno", "lider": true, "mascara": false, "sharingan": false, "byakugan": false, "sannin": false, "inteligente": true, "akatsuki": true, "pregunta_clave": "¿Es líder de Akatsuki con cabello naranja?", "pregunta_clave_regex": "\\b(?:akatsuki|lider|naranja)\\b"},
    {"nombre": "Konan", "pelo": "azul", "aldea": "akatsuki", "clan": "ninguno", "lider": false, "mascara": false, "sharingan": false, "byakugan": false, "sannin": false, "inteligente": true, "akatsuki": true, "pregunta_clave": "¿Es mujer miembro de Akatsuki con cabello azul?", "pregunta_clave_regex": "\\b(?:akatsuki|mujer|azul)\\b"},
    {"nombre": "Kisame Hoshigaki", "pelo": "azul", "aldea": "akatsuki", "clan": "ninguno", "lider": false, "mascara": false, "sharingan": false, "byakugan": false, "sannin": false, "inteligente": false, "akatsuki": true, "pregunta_clave": "¿Es miembro de Akatsuki con cabello azul y gran espada?", "pregunta_clave_regex": "\\b(?:akatsuki|azul|espada)\\b"}
]
